Workbook

Sheet Hoja1
A2: FARMACIA UNIVERSIDAD
A3: C A P P O - U C L A
A4: Carrera 21 entre Calles 12 y 13 Nro 12-13 telef. 0251-2524973/2527081
A5: Relación de Cobranza
A6: CAPPO - UCLA
A7: Desde 22/10/12 Hasta: 31/10/12
A8: Fecha | B8: Apellido y Nombre | C8: Cédula | D8: Cod. Socio | E8: Factura | F8: Monto | G8: Dcto. Clte. | H8: Total Facturas | J8: Dcto. Cap. | K8: IVA | L8: Neto
A9: 41204 | B9: ALVARADO RAMIRO | C9: 4385047 | D9: 00117 | E9: 519223 | F9: 712 | G9: 142.4 | H9: 569.6 | J9: 28.48 | K9: 0 | L9: 541.12
A10: 41204 | B10: ALVARADO RAMON | C10: 10784623 | D10: 00114 | E10: 519339 | F10: 303.18 | G10: 59.57 | H10: 244.25 | J10: 12.2125 | K10: 0.64 | L10: 232.0375
A11: 41204 | B11: ALVAREZ NINOSKA | C11: 18785684 | D11: 02613 | E11: 519180 | F11: 558.36 | G11: 72 | H11: 498.36 | J11: 24.918 | K11: 12 | L11: 473.442
A12: 41204 | B12: ALVAREZ THAIS | C12: 13346269 | D12: 00192 | E12: 519316 | F12: 200.54 | G12: 22.4 | H12: 187.66 | J12: 9.383 | K12: 9.52 | L12: 178.277
A13: 41204 | B13: ANDRADE FREDDY | C13: 13180551 | D13: 00183 | E13: 519056 | F13: 458 | G13: 91.6 | H13: 366.4 | I13: 392.54 | J13: 18.32 | K13: 0 | L13: 348.08
A14: 41204 | B14: ANDRADE FREDDY | C14: 13180551 | D14: 00183 | E14: 519057 | F14: 26.14 | G14: 0 | H14: 26.14 | J14: 0 | K14: 0 | L14: 26.14
A15: 41205 | B15: ANZOLA BLADIMIR | C15: 11269196 | D15: 00149 | E15: 519153 | F15: 258.29 | G15: 50.85 | H15: 207.44 | I15: 348.24 | J15: 10.372 | K15: 0 | L15: 197.068
A16: 41205 | B16: ANZOLA BLADIMIR | C16: 11269196 | D16: 00149 | E16: 519198 | F16: 176 | G16: 35.2 | H16: 140.8 | J16: 7.04 | K16: 0 | L16: 133.76
A17: 41205 | B17: ARRIECHE P. SILVIO | C17: 12848719 | D17: 00174 | E17: 519107 | F17: 126 | G17: 25.2 | H17: 100.8 | J17: 5.04 | K17: 0 | L17: 95.76
A18: 41205 | B18: ARRIECHE RAFAEL | C18: 7444842 | D18: 00186 | E18: 519118 | F18: 347.1 | G18: 67.4 | H18: 279.7 | J18: 13.985 | K18: 0 | L18: 265.715
A19: 41205 | B19: BELLO LAYA JULIO | C19: 7344290 | D19: 0222 | E19: 519165 | F19: 206 | G19: 41.2 | H19: 164.8 | J19: 8.24 | K19: 0 | L19: 156.56
A20: 41205 | B20: CARRASCO TONDIS | C20: 16770549 | D20: 00387 | E20: 519054 | F20: 462 | G20: 92.4 | H20: 369.6 | J20: 18.48 | K20: 0 | L20: 351.12
A21: 41205 | B21: CASTILLO JOSE | C21: 3084978 | D21: 00314 | E21: 519257 | F21: 241.88 | G21: 40.9 | H21: 200.98 | I21: 272.98 | J21: 10.049 | K21: 0 | L21: 190.931
A22: 41205 | B22: CASTILLO JOSE | C22: 3084978 | D22: 00314 | E22: 519258 | F22: 90 | G22: 18 | H22: 72 | J22: 3.6 | K22: 0 | L22: 68.4
A23: 41205 | B23: CASTILLO HONORIO | C23: 9540845 | D23: 00355 | E23: 519082 | F23: 87.78 | G23: 13.6 | H23: 74.18 | J23: 3.709 | K23: 0 | L23: 70.471
A24: 41205 | B24: CASTILLO M. RAMON | C24: 5239261 | D24: 00340 | E24: 519276 | F24: 436 | G24: 87.2 | H24: 348.8 | J24: 17.44 | K24: 0 | L24: 331.36
A25: 41205 | B25: COLMENAREZ MIGUEL | C25: 7310425 | D25: 00346 | E25: 519156 | F25: 712 | G25: 142.4 | H25: 569.6 | J25: 28.48 | K25: 0 | L25: 541.12
A26: 41205 | B26: COLMENAREZ LUIS | C26: 7350162 | D26: 00363 | E26: 519281 | F26: 123.08 | G26: 0 | H26: 136.58 | J26: 0 | K26: 13.5 | L26: 136.58
A27: 41205 | B27: CONDES HECTOR | C27: 12018852 | D27: 00381 | E27: 519076 | F27: 213 | G27: 42.6 | H27: 170.4 | I27: 282.4 | J27: 8.52 | K27: 0 | L27: 161.88
A28: 41205 | B28: CONDES HECTOR | C28: 12018852 | D28: 00381 | E28: 519077 | F28: 140 | G28: 28 | H28: 112 | J28: 5.6 | K28: 0 | L28: 106.4
A29: 41205 | B29: DAVILA CHACON INGRID | C29: 9211039 | D29: 00522 | E29: 519073 | F29: 700 | G29: 140 | H29: 560 | J29: 28 | K29: 0 | L29: 532
A30: 41205 | B30: DIAZ DIAZ JUAN | C30: 3039370 | D30: 00505 | E30: 519151 | F30: 712 | G30: 142.4 | H30: 569.6 | J30: 28.48 | K30: 0 | L30: 541.12
A31: 41205 | B31: ESCALONA MOISES | C31: 11586448 | D31: 00629 | E31: 519105 | F31: 423.68 | G31: 84.74 | H31: 338.94 | I31: 342.97 | J31: 16.947 | K31: 0 | L31: 321.993
A32: 41206 | B32: ESCALONA MOISES | C32: 11586448 | D32: 00629 | E32: 519106 | F32: 3.6 | G32: 0 | H32: 4.03 | J32: 0 | K32: 0.43 | L32: 4.03
A33: 41206 | B33: GARCES NELLY | C33: 4732618 | D33: 00800 | E33: 519113 | F33: 492 | G33: 98.4 | H33: 393.6 | I33: 451.2 | J33: 19.68 | K33: 0 | L33: 373.92
A34: 41206 | B34: GARCES NELLY | C34: 4732618 | D34: 00800 | E34: 519114 | F34: 72 | G34: 14.4 | H34: 57.6 | J34: 2.88 | K34: 0 | L34: 54.72
A35: 41206 | B35: GIL PABLO | C35: 3857667 | D35: 00814 | E35: 519023 | F35: 220 | G35: 24.2 | H35: 195.8 | I35: 765.4 | J35: 9.79 | K35: 0 | L35: 186.01
A36: 41206 | B36: GIL PABLO | C36: 3857667 | D36: 00814 | E36: 519256 | F36: 712 | G36: 142.4 | H36: 569.6 | J36: 28.48 | K36: 0 | L36: 541.12
A37: 41206 | B37: GIL RAFAEL | C37: 9604593 | D37: 00925 | E37: 519262 | F37: 200.18 | G37: 30.2 | H37: 169.98 | J37: 8.499 | K37: 0 | L37: 161.481
A38: 41206 | B38: GIMENEZ ERNESTO | C38: 7436996 | D38: 00919 | E38: 519100 | F38: 481 | G38: 96.2 | H38: 384.8 | J38: 19.24 | K38: 0 | L38: 365.56
A39: 41206 | B39: GIMENEZ JOSE | C39: 12851330 | D39: 00882 | E39: 518997 | F39: 198.35 | G39: 36 | H39: 162.35 | J39: 8.1175 | K39: 0 | L39: 154.2325
A40: 41206 | B40: GOMEZ MEDINA JUAN | C40: 12704927 | D40: 00918 | E40: 519084 | F40: 82 | G40: 16.4 | H40: 65.6 | J40: 3.28 | K40: 0 | L40: 62.32
A41: 41206 | B41: GONZALEZ ALBERTO | C41: 9639201 | D41: 00862 | E41: 519390 | F41: 263.5 | G41: 51.64 | H41: 211.86 | J41: 10.593 | K41: 0 | L41: 201.267
A42: 41206 | B42: GRATEROL JHONNY | C42: 10849907 | D42: 00938 | E42: 519393 | F42: 99.29 | G42: 10.8 | H42: 88.49 | J42: 4.4245 | K42: 0 | L42: 84.0655
A43: 41206 | B43: GUERRA JOSE | C43: 7309375 | D43: 00869 | E43: 519277 | F43: 429.48 | G43: 85.9 | H43: 343.58 | J43: 17.179 | K43: 0 | L43: 326.401
A44: 41206 | B44: GUEVARA JOSE | C44: 11239070 | D44: 00848 | E44: 519217 | F44: 170 | G44: 34 | H44: 136 | I44: 312.92 | J44: 6.8 | K44: 0 | L44: 129.2
A45: 41207 | B45: GUEVARA JOSE | C45: 1239070 | D45: 00848 | E45: 519224 | F45: 221.15 | G45: 44.23 | H45: 176.92 | J45: 8.846 | K45: 0 | L45: 168.074
A46: 41207 | B46: HERNANDEZ CARLOS | C46: 7415285 | D46: 00908 | E46: 519300 | F46: 106.5 | G46: 17.1 | H46: 89.4 | J46: 4.47 | K46: 0 | L46: 84.93
A47: 41207 | B47: HUGGINS ALVES | C47: 4739796 | D47: 09011 | E47: 519145 | F47: 54.05 | G47: 10 | H47: 44.05 | J47: 2.2025 | K47: 0 | L47: 41.8475
A48: 41207 | B48: ISAZA BERTHA | C48: 7447992 | D48: 02507 | E48: 519074 | F48: 291.24 | G48: 48 | H48: 248.06 | J48: 12.403 | K48: 4.82 | L48: 235.657
A49: 41207 | B49: JIMENEZ EDGAR SOLANO | C49: 4731494 | D49: 01104 | E49: 519323 | F49: 212.03 | G49: 41.18 | H49: 170.85 | J49: 8.5425 | K49: 0 | L49: 162.3075
A50: 41207 | B50: LEON VELASQUEZ LEIDY | C50: 13643982 | D50: 01348 | E50: 519135 | F50: 1489.77 | G50: 267.47 | H50: 1240.59 | J50: 62.0295 | K50: 18.29 | L50: 1178.5605
A51: 41207 | B51: LOPEZ ANA | C51: 7401853 | D51: 01337 | E51: 519038 | F51: 155.69 | G51: 29 | H51: 127.34 | J51: 6.367 | K51: 0 | L51: 120.973
A52: 41207 | B52: MADRIZ GIOVANNY | C52: 11429792 | D52: 01518 | E52: 519043 | F52: 636 | G52: 127.2 | H52: 508.8 | J52: 25.44 | K52: 0 | L52: 483.36
A53: 41207 | B53: MARIN C. ANTONIO | C53: 11883300 | D53: 01513 | E53: 519140 | F53: 578.61 | G53: 100.2 | H53: 487.72 | J53: 24.386 | K53: 9.31 | L53: 463.334
A54: 41207 | B54: MARQUEZ CARMEN | C54: 2608304 | D54: 01403 | E54: 519095 | F54: 473.34 | G54: 66 | H54: 407.34 | I54: 943.69 | J54: 20.367 | K54: 0 | L54: 386.973
A55: 41207 | B55: MARQUEZ CARMEN | C55: 2608304 | D55: 01403 | E55: 519096 | F55: 668.75 | G55: 132.4 | H55: 536.35 | J55: 26.8175 | K55: 0 | L55: 509.5325
A56: 41208 | B56: MARTINEZ JOSE | C56: 5248954 | D56: 01442 | E56: 519264 | F56: 371.4 | G56: 73.2 | H56: 298.85 | J56: 14.9425 | K56: 0.65 | L56: 283.9075
A57: 41208 | B57: MENDEZ MARLENE | C57: 9617493 | D57: 01463 | E57: 519346 | F57: 54.87 | G57: 6.6 | H57: 48.27 | J57: 2.4135 | K57: 0 | L57: 45.8565
A58: 41208 | B58: MENDOZA JORGE | C58: 5257774 | D58: 01465 | E58: 519200 | F58: 712 | G58: 142.4 | H58: 569.6 | J58: 28.48 | K58: 0 | L58: 541.12
A59: 41208 | B59: ORELLANA B. WILLIAM | C59: 7419340 | D59: 01617 | E59: 519265 | F59: 677.4 | G59: 134.4 | H59: 543.65 | J59: 27.1825 | K59: 0.65 | L59: 516.4675
A60: 41208 | B60: OVIEDO JOSE | C60: 4728331 | D60: 01620 | E60: 519093 | F60: 360 | G60: 72 | H60: 288 | J60: 14.4 | K60: 0 | L60: 273.6
A61: 41208 | B61: PAEZ NEIDA NOHEMY | C61: 11262378 | D61: 01636 | E61: 519004 | F61: 410 | G61: 82 | H61: 328 | J61: 0 | K61: 0 | L61: 328
A62: 41208 | B62: PARADA CORNELIO | C62: 12279667 | D62: 001780 | E62: 519191 | F62: 444.22 | G62: 88.84 | H62: 386.99 | J62: 19.3495 | K62: 31.61 | L62: 367.6405
A63: 41208 | B63: PERDOMO OMAIRA | C63: 12027260 | D63: 01784 | E63: 519178 | F63: 528 | G63: 89.8 | H63: 447.34 | J63: 22.367 | K63: 9.14 | L63: 424.973
A64: 41208 | B64: PERDOMO OMAIRA | C64: 12027260 | D64: 01784 | E64: 519179 | F64: 18.35 | G64: 0 | H64: 18.35 | J64: 0 | K64: 0 | L64: 18.35
A65: 41208 | B65: PEREZ NUBIA | C65: 9560453 | D65: 01779 | E65: 519207 | F65: 712 | G65: 142.4 | H65: 569.6 | J65: 28.48 | K65: 0 | L65: 541.12
A66: 41209 | B66: PEREZ ROLANDO | C66: 11598207 | D66: 01827 | E66: 519342 | F66: 258.45 | G66: 48 | H66: 210.45 | J66: 10.5225 | K66: 0 | L66: 199.9275
A67: 41211 | B67: PEREZ ALEXANDER | C67: 11783201 | D67: 01786 | E67: 519046 | F67: 371 | G67: 69.2 | H67: 304.8 | I67: 536.8 | J67: 15.24 | K67: 3 | L67: 289.56
A68: 41211 | B68: PEREZ ALEXANDER | C68: 11783201 | D68: 01786 | E68: 519280 | F68: 290 | G68: 58 | H68: 232 | J68: 11.6 | K68: 0 | L68: 220.4
A69: 41211 | B69: PEROZO GREGORIO | C69: 7387547 | D69: 01758 | E69: 519384 | F69: 332 | G69: 66.4 | H69: 265.6 | J69: 13.28 | K69: 0 | L69: 252.32
A70: 41211 | B70: PIÑA DAISY | C70: 12698965 | D70: 01777 | E70: 519131 | F70: 140 | G70: 28 | H70: 112 | J70: 5.6 | K70: 0 | L70: 106.4
A71: 41211 | B71: RIVAS BARRETO JOSE | C71: 12536172 | D71: 01980 | E71: 519041 | F71: 442.04 | G71: 84 | H71: 358.04 | J71: 17.902 | K71: 0 | L71: 340.138
A72: 41211 | B72: RIVERO FREDDY | C72: 3710064 | D72: 01951 | E72: 519040 | F72: 454 | G72: 88.4 | H72: 365.6 | J72: 18.28 | K72: 0 | L72: 347.32
A73: 41211 | B73: RIVERO JOSE | C73: 5605414 | D73: 01960 | E73: 519174 | F73: 712 | G73: 142.4 | H73: 569.6 | J73: 28.48 | K73: 0 | L73: 541.12
A74: 41211 | B74: RODRIGUEZ EVELIO | C74: 7436077 | D74: 01954 | E74: 519335 | F74: 143 | G74: 28.6 | H74: 114.4 | J74: 5.72 | K74: 0 | L74: 108.68
A75: 41211 | B75: SALAS FELIX | C75: 7373089 | D75: 02042 | E75: 519252 | F75: 402 | G75: 80.4 | H75: 321.6 | J75: 16.08 | K75: 0 | L75: 305.52
A76: 41211 | B76: SANCHEZ JUAN | C76: 1112379 | D76: 00860 | E76: 519147 | F76: 712 | G76: 142.4 | H76: 569.6 | J76: 28.48 | K76: 0 | L76: 541.12
A77: 41211 | B77: SANCHEZ MARLENE | C77: 4071241 | D77: 02035 | E77: 519034 | F77: 413.75 | G77: 70 | H77: 343.75 | J77: 17.1875 | K77: 0 | L77: 326.5625
A78: 41211 | B78: SANCHEZ FRANCIA | C78: 7354064 | D78: 02000 | E78: 518998 | F78: 862 | G78: 172.4 | H78: 689.6 | J78: 34.48 | K78: 0 | L78: 655.12
A79: 41211 | B79: SILVA GARCIA RAFAEL | C79: 11879419 | D79: 02072 | E79: 519219 | F79: 408 | G79: 81.6 | H79: 326.4 | I79: 395.48 | J79: 16.32 | K79: 0 | L79: 310.08
A80: 41212 | B80: SILVA GARCIA RAFAEL | C80: 11879419 | D80: 02072 | E80: 519220 | F80: 63.82 | G80: 0 | H80: 69.08 | J80: 0 | K80: 5.26 | L80: 69.08
A81: 41212 | B81: SOTO EDUARDO | C81: 5255641 | D81: 02047 | E81: 519225 | F81: 630 | G81: 126 | H81: 504 | J81: 25.2 | K81: 0 | L81: 478.8
A82: 41212 | B82: SUAREZ CASTILLO WINS | C82: 11425449 | D82: 02063 | E82: 519261 | F82: 219 | G82: 43.8 | H82: 175.2 | J82: 8.76 | K82: 0 | L82: 166.44
A83: 41212 | B83: SUAREZ MARTINEZ ALEX | C83: 13265946 | D83: 02099 | E83: 519319 | F83: 359.48 | G83: 71.9 | H83: 287.58 | J83: 14.379 | K83: 0 | L83: 273.201
A84: 41212 | B84: VALECILLOS GIAN CARL | C84: 15729536 | D84: 02343 | E84: 519164 | F84: 166.4 | G84: 29.6 | H84: 136.8 | J84: 6.84 | K84: 0 | L84: 129.96
A85: 41212 | B85: VALLES ORLANDO | C85: 7392153 | D85: 02324 | E85: 519049 | F85: 150.07 | G85: 30.01 | H85: 120.06 | J85: 6.003 | K85: 0 | L85: 114.057
A86: 41212 | B86: VASQUEZ JHONNYS | C86: 13510180 | D86: 02345 | E86: 519274 | F86: 240.32 | G86: 31.5 | H86: 218.76 | J86: 10.938 | K86: 9.94 | L86: 207.822
A87: 41212 | B87: VASQUEZ RAMON | C87: 9542237 | D87: 02333 | E87: 519014 | F87: 439 | G87: 87.8 | H87: 351.2 | I87: 399.2 | J87: 17.56 | K87: 0 | L87: 333.64
A88: 41212 | B88: VASQUEZ RAMON | C88: 9542237 | D88: 02333 | E88: 519015 | F88: 48 | G88: 0 | H88: 48 | J88: 0 | K88: 0 | L88: 48
A89: 41213 | B89: VASQUEZ U. EDIXON | C89: 16137706 | D89: 02348 | E89: 519287 | F89: 82.83 | G89: 0 | H89: 92.77 | J89: 0 | K89: 9.94 | L89: 92.77
A90: 41213 | B90: VIRGUEZ DARWIN | C90: 12249178 | D90: 02344 | E90: 519340 | F90: 348 | G90: 63.6 | H90: 284.4 | J90: 14.22 | K90: 0 | L90: 270.18
A91: 41213 | B91: VISCAYA PEDRO | C91: 7449457 | D91: 02341 | E91: 519033 | F91: 218 | G91: 43.6 | H91: 174.4 | J91: 8.72 | K91: 0 | L91: 165.68
F92: 29216.96 | G92: 5482.63 | H92: 23873.68 | J92: 1157.5365 | K92: 138.7 | L92: 22716.144
B94: Elaborado Por: | E94: Recibido: (Firma y Sello)
B97: Yuris Reyes | E97: CAPPO-UCLA

Sheet Hoja2
A1: =CONCATENATE("V",Hoja1!C9) -> V4385047 | B1: =+Hoja1!B9 -> ALVARADO RAMIRO | C1: =+Hoja1!H9 -> 569.6 | D1: =+Hoja1!J9 -> 28.48 | E1: =+Hoja1!L9 -> 541.12
A2: =CONCATENATE("V",Hoja1!C10) -> V10784623 | B2: =+Hoja1!B10 -> ALVARADO RAMON | C2: =+Hoja1!H10 -> 244.25 | D2: =+Hoja1!J10 -> 12.2125 | E2: =+Hoja1!L10 -> 232.0375
A3: =CONCATENATE("V",Hoja1!C11) -> V18785684 | B3: =+Hoja1!B11 -> ALVAREZ NINOSKA | C3: =+Hoja1!H11 -> 498.36 | D3: =+Hoja1!J11 -> 24.918 | E3: =+Hoja1!L11 -> 473.442
A4: =CONCATENATE("V",Hoja1!C12) -> V13346269 | B4: =+Hoja1!B12 -> ALVAREZ THAIS | C4: =+Hoja1!H12 -> 187.66 | D4: =+Hoja1!J12 -> 9.383 | E4: =+Hoja1!L12 -> 178.277
A5: =CONCATENATE("V",Hoja1!C13) -> V13180551 | B5: =+Hoja1!B13 -> ANDRADE FREDDY | C5: =+Hoja1!H13 -> 366.4 | D5: =+Hoja1!J13 -> 18.32 | E5: =+Hoja1!L13 -> 348.08
A6: =CONCATENATE("V",Hoja1!C14) -> V13180551 | B6: =+Hoja1!B14 -> ANDRADE FREDDY | C6: =+Hoja1!H14 -> 26.14 | D6: =+Hoja1!J14 -> 0 | E6: =+Hoja1!L14 -> 26.14
A7: =CONCATENATE("V",Hoja1!C15) -> V11269196 | B7: =+Hoja1!B15 -> ANZOLA BLADIMIR | C7: =+Hoja1!H15 -> 207.44 | D7: =+Hoja1!J15 -> 10.372 | E7: =+Hoja1!L15 -> 197.068
A8: =CONCATENATE("V",Hoja1!C16) -> V11269196 | B8: =+Hoja1!B16 -> ANZOLA BLADIMIR | C8: =+Hoja1!H16 -> 140.8 | D8: =+Hoja1!J16 -> 7.04 | E8: =+Hoja1!L16 -> 133.76
A9: =CONCATENATE("V",Hoja1!C17) -> V12848719 | B9: =+Hoja1!B17 -> ARRIECHE P. SILVIO | C9: =+Hoja1!H17 -> 100.8 | D9: =+Hoja1!J17 -> 5.04 | E9: =+Hoja1!L17 -> 95.76
A10: =CONCATENATE("V",Hoja1!C18) -> V7444842 | B10: =+Hoja1!B18 -> ARRIECHE RAFAEL | C10: =+Hoja1!H18 -> 279.7 | D10: =+Hoja1!J18 -> 13.985 | E10: =+Hoja1!L18 -> 265.715
A11: =CONCATENATE("V",Hoja1!C19) -> V7344290 | B11: =+Hoja1!B19 -> BELLO LAYA JULIO | C11: =+Hoja1!H19 -> 164.8 | D11: =+Hoja1!J19 -> 8.24 | E11: =+Hoja1!L19 -> 156.56
A12: =CONCATENATE("V",Hoja1!C20) -> V16770549 | B12: =+Hoja1!B20 -> CARRASCO TONDIS | C12: =+Hoja1!H20 -> 369.6 | D12: =+Hoja1!J20 -> 18.48 | E12: =+Hoja1!L20 -> 351.12
... A83: =CONCATENATE("V",Hoja1!C91) -> V7449457 | B83: =+Hoja1!B91 -> VISCAYA PEDRO | C83: =+Hoja1!H91 -> 174.4 | D83: =+Hoja1!J91 -> 8.72 | E83: =+Hoja1!L91 -> 165.68

Sheet Hoja3
