Workbook

Sheet CAPPO CORREO
A1: FARMACIA UNIVERSIDAD
A2: C A P P O - U C L A
A3: Carrera 21 entre Calles 12 y 13 Nro 12-13 telef. 0251-2524973/2527081
A4: Relación de Cobranza
A5: CAPPO - UCLA
A6: Desde 04/03/16 Hasta: 31/03/16
A7: Fecha | B7: Cédula | C7: Cod. Socio | D7: Cliente | E7: Monto | F7: Dcto. Clte. | G7: IVA | H7: Total Factura | I7: Factura | J7: Dcto. Cap. | K7: Neto
A8: 42430 | B8: 14375299 | C8: 00193 | D8: ABARCA LUCENA ERICK | E8: 1211.03 | F8: 0 | G8: 0 | H8: 1211.03 | I8: 581181 | J8: 0 | K8: =H8-J8 -> 1211.03
A9: 42430 | B9: 2186056 | C9: 00140 | D9: ALVARADO PEDRO | E9: 207.8 | F9: 0 | G9: 0 | H9: 207.8 | I9: 581016 | J9: 0 | K9: =H9-J9 -> 207.8
A10: 42430 | B10: 2186056 | C10: 00140 | D10: ALVARADO PEDRO | E10: 1633.83 | F10: 0 | G10: 0 | H10: 1633.83 | I10: 581375 | J10: 0 | K10: =H10-J10 -> 1633.83
A11: 42430 | B11: 10784623 | C11: 00114 | D11: ALVARADO RAMON | E11: 2382.74 | F11: 0 | G11: 0 | H11: 2382.74 | I11: 581024 | J11: 0 | K11: =H11-J11 -> 2382.74
A12: 42430 | B12: 10784623 | C12: 00114 | D12: ALVARADO RAMON | E12: 1091.85 | F12: 0 | G12: 0 | H12: 1091.85 | I12: 581188 | J12: 0 | K12: =H12-J12 -> 1091.85
A13: 42430 | B13: 4067795 | C13: 00103 | D13: ALVAREZ HERNANDEZ PA | E13: 375.24 | F13: 0 | G13: 0 | H13: 375.24 | I13: 581515 | J13: 0 | K13: =H13-J13 -> 375.24
A14: 42430 | B14: 4067795 | C14: 00103 | D14: ALVAREZ HERNANDEZ PA | E14: 637.64 | F14: 0 | G14: 0 | H14: 637.64 | I14: 581731 | J14: 0 | K14: =H14-J14 -> 637.64
A15: 42430 | B15: 4067795 | C15: 00103 | D15: ALVAREZ HERNANDEZ PA | E15: 2350.11 | F15: 0 | G15: 0 | H15: 2350.11 | I15: 582636 | J15: 0 | K15: =H15-J15 -> 2350.11
A16: 42430 | B16: 18785684 | C16: 02613 | D16: ALVAREZ NINOSKA | E16: 2290.3 | F16: 0 | G16: 110.01 | H16: 2400.31 | I16: 581232 | J16: 0 | K16: =H16-J16 -> 2400.31
A17: 42430 | B17: 18785684 | C17: 02613 | D17: ALVAREZ NINOSKA | E17: 420 | F17: 0 | G17: 0 | H17: 420 | I17: 581233 | J17: 0 | K17: =H17-J17 -> 420
A18: 42430 | B18: 18785684 | C18: 02613 | D18: ALVAREZ NINOSKA | E18: 1056.13 | F18: 0 | G18: 0 | H18: 1056.13 | I18: 581234 | J18: 0 | K18: =H18-J18 -> 1056.13
A19: 42430 | B19: 18785684 | C19: 02613 | D19: ALVAREZ NINOSKA | E19: 7001.73 | F19: 0 | G19: 840.21 | H19: 7841.94 | I19: 582655 | J19: 0 | K19: =H19-J19 -> 7841.94
... A85: 42437 | B85: 4378759 | C85: 00891 | D85: GONZALEZ WILLIAM | E85: 1480.66 | F85: 0 | G85: 0 | H85: 1480.66 | I85: 581971 | J85: 0 | K85: =H85-J85 -> 1480.66
A86: 42437 | B86: 10849907 | C86: 00938 | D86: GRAYEROL JHONNY | E86: 1355.92 | F86: 0 | G86: 0 | H86: 1355.92 | I86: 581678 | J86: 0 | K86: =H86-J86 -> 1355.92
A87: 42437 | B87: 7426046 | C87: 00889 | D87: GUASIMUCARO HENRY | E87: 1380.64 | F87: 0 | G87: 0 | H87: 1380.64 | I87: 582410 | J87: 0 | K87: =H87-J87 -> 1380.64
A88: 42437 | B88: 1239070 | C88: 00848 | D88: GUEVARA JOSE | E88: 517.86 | F88: 0 | G88: 62.14 | H88: 580 | I88: 581456 | J88: 0 | K88: =H88-J88 -> 580
A89: 42437 | B89: 1239070 | C89: 00848 | D89: GUEVARA JOSE | E89: 768.08 | F89: 0 | G89: 92.17 | H89: 860.25 | I89: 581593 | J89: 0 | K89: =H89-J89 -> 860.25
A90: 42437 | B90: 7415285 | C90: 00908 | D90: HERNANDEZ CARLOS | E90: 2331.04 | F90: 0 | G90: 0 | H90: 2331.04 | I90: 581018 | J90: 0 | K90: =H90-J90 -> 2331.04
A91: 42437 | B91: 7415285 | C91: 00908 | D91: HERNANDEZ CARLOS | E91: 375 | F91: 0 | G91: 45 | H91: 420 | I91: 581019 | J91: 0 | K91: =H91-J91 -> 420
A92: 42437 | B92: 13188137 | C92: 00943 | D92: HERNANDEZ HECTOR | E92: 496.87 | F92: 0 | G92: 0 | H92: 496.87 | I92: 582233 | J92: 0 | K92: =H92-J92 -> 496.87
A93: 42437 | B93: 13188137 | C93: 00943 | D93: HERNANDEZ HECTOR | E93: 756.18 | F93: 0 | G93: 0 | H93: 756.18 | I93: 582234 | J93: 0 | K93: =H93-J93 -> 756.18
A94: 42437 | B94: 9614364 | C94: 00909 | D94: HERNANDEZ JORGE | E94: 922.18 | F94: 0 | G94: 0 | H94: 922.18 | I94: 581042 | J94: 0 | K94: =H94-J94 -> 922.18
A95: 42437 | B95: 9614364 | C95: 00909 | D95: HERNANDEZ JORGE | E95: 1327.68 | F95: 0 | G95: 159.32 | H95: 1487 | I95: 581045 | J95: 0 | K95: =H95-J95 -> 1487
A96: 42438 | B96: 9614364 | C96: 00909 | D96: HERNANDEZ JORGE | E96: 275.2 | F96: 0 | G96: 0 | H96: 275.2 | I96: 581429 | J96: 0 | K96: =H96-J96 -> 275.2
A97: 42438 | B97: 20189202 | C97: 00950 | D97: HERNANDEZ RODRIGUEZ | E97: 1817.67 | F97: 0 | G97: 191.24 | H97: 2008.91 | I97: 581130 | J97: 0 | K97: =H97-J97 -> 2008.91
A98: 42438 | B98: 12021966 | C98: 00929 | D98: HERNANDEZ ROSMER | E98: 2185.92 | F98: 0 | G98: 0 | H98: 2185.92 | I98: 581603 | J98: 0 | K98: =H98-J98 -> 2185.92
... A207: 42460 | B207: 10774121 | C207: 02346 | D207: VIRGUEZ AGUILAR DIXO | E207: 677.69 | F207: 0 | G207: 0 | H207: 677.69 | I207: 582407 | J207: 0 | K207: =H207-J207 -> 677.69
E208: =SUM(E8:E207) -> 310134.04 | F208: =SUM(F8:F207) -> 0 | G208: =SUM(G8:G207) -> 4457.98 | H208: =SUM(H8:H207) -> 314622.02 | J208: =SUM(J8:J207) -> 0 | K208: =SUM(K8:K207) -> 314622.02
C209: TOTAL A COBRAR BS….. | H209: =K208 -> 314622.02
B211: Elaborado Por: | E211: Recibido: (Firma y Sello)
B214: Yuris Reyes | E214: CAPPO-UCLA

Sheet Hoja1
A1: =CONCATENATE("V",'CAPPO CORREO'!B8) -> V14375299 | B1: =+'CAPPO CORREO'!D8 -> ABARCA LUCENA ERICK | C1: =+'CAPPO CORREO'!K8 -> 1211.03 | D1: 0 | E1: =+Hoja1!C1 -> 1211.03
A2: =CONCATENATE("V",'CAPPO CORREO'!B9) -> V2186056 | B2: =+'CAPPO CORREO'!D9 -> ALVARADO PEDRO | C2: =+'CAPPO CORREO'!K9 -> 207.8 | D2: 0 | E2: =+Hoja1!C2 -> 207.8
A3: =CONCATENATE("V",'CAPPO CORREO'!B10) -> V2186056 | B3: =+'CAPPO CORREO'!D10 -> ALVARADO PEDRO | C3: =+'CAPPO CORREO'!K10 -> 1633.83 | D3: 0 | E3: =+Hoja1!C3 -> 1633.83
A4: =CONCATENATE("V",'CAPPO CORREO'!B11) -> V10784623 | B4: =+'CAPPO CORREO'!D11 -> ALVARADO RAMON | C4: =+'CAPPO CORREO'!K11 -> 2382.74 | D4: 0 | E4: =+Hoja1!C4 -> 2382.74
A5: =CONCATENATE("V",'CAPPO CORREO'!B12) -> V10784623 | B5: =+'CAPPO CORREO'!D12 -> ALVARADO RAMON | C5: =+'CAPPO CORREO'!K12 -> 1091.85 | D5: 0 | E5: =+Hoja1!C5 -> 1091.85
A6: =CONCATENATE("V",'CAPPO CORREO'!B13) -> V4067795 | B6: =+'CAPPO CORREO'!D13 -> ALVAREZ HERNANDEZ PA | C6: =+'CAPPO CORREO'!K13 -> 375.24 | D6: 0 | E6: =+Hoja1!C6 -> 375.24
A7: =CONCATENATE("V",'CAPPO CORREO'!B14) -> V4067795 | B7: =+'CAPPO CORREO'!D14 -> ALVAREZ HERNANDEZ PA | C7: =+'CAPPO CORREO'!K14 -> 637.64 | D7: 0 | E7: =+Hoja1!C7 -> 637.64
A8: =CONCATENATE("V",'CAPPO CORREO'!B15) -> V4067795 | B8: =+'CAPPO CORREO'!D15 -> ALVAREZ HERNANDEZ PA | C8: =+'CAPPO CORREO'!K15 -> 2350.11 | D8: 0 | E8: =+Hoja1!C8 -> 2350.11
A9: =CONCATENATE("V",'CAPPO CORREO'!B16) -> V18785684 | B9: =+'CAPPO CORREO'!D16 -> ALVAREZ NINOSKA | C9: =+'CAPPO CORREO'!K16 -> 2400.31 | D9: 0 | E9: =+Hoja1!C9 -> 2400.31
A10: =CONCATENATE("V",'CAPPO CORREO'!B17) -> V18785684 | B10: =+'CAPPO CORREO'!D17 -> ALVAREZ NINOSKA | C10: =+'CAPPO CORREO'!K17 -> 420 | D10: 0 | E10: =+Hoja1!C10 -> 420
A11: =CONCATENATE("V",'CAPPO CORREO'!B18) -> V18785684 | B11: =+'CAPPO CORREO'!D18 -> ALVAREZ NINOSKA | C11: =+'CAPPO CORREO'!K18 -> 1056.13 | D11: 0 | E11: =+Hoja1!C11 -> 1056.13
A12: =CONCATENATE("V",'CAPPO CORREO'!B19) -> V18785684 | B12: =+'CAPPO CORREO'!D19 -> ALVAREZ NINOSKA | C12: =+'CAPPO CORREO'!K19 -> 7841.94 | D12: 0 | E12: =+Hoja1!C12 -> 7841.94
... A200: =CONCATENATE("V",'CAPPO CORREO'!B207) -> V10774121 | B200: =+'CAPPO CORREO'!D207 -> VIRGUEZ AGUILAR DIXO | C200: =+'CAPPO CORREO'!K207 -> 677.69 | D200: 0 | E200: =+Hoja1!C200 -> 677.69
