Workbook

Sheet CAPPO
A1: FARMACIA UNIVERSIDAD
A2: C A P P O - U C L A
A3: Carrera 21 entre Calles 12 y 13 Nro 12-13 telef. 0251-2524973/2527081
A4: RIF: J-315805855
A7: Relación de Cobranza
A8: CAPPO - UCLA
A9: Desde 01/04/17 AL 30/04/17
A11: Fecha | B11: Cédula | C11: Cod. Socio | D11: Cliente | E11: Factura # | F11: Dcto. | G11: Base Imponible | H11: IVA | I11: Dcto. Cap. | J11: Total Factura
A12: 42842 | B12: 11269196 | D12: ANZOLA BLADIMIR | E12: 592991 | G12: 2187.5 | H12: 262.5 | J12: =G12+H12 -> 2450
A13: 42843 | B13: 17104709 | D13: BARRIOS B. PATRICIA | E13: 593007 | G13: 2761.2 | H13: 0 | J13: =G13+H13 -> 2761.2
A14: 42843 | B14: 17104709 | D14: BARRIOS B. PATRICIA | E14: 593008 | G14: 4047 | H14: 405 | J14: =G14+H14 -> 4452
A15: 42849 | B15: 17104709 | D15: BARRIOS B. PATRICIA | E15: 593070 | G15: 5496 | H15: 0 | J15: =G15+H15 -> 5496
A16: 42829 | B16: 20046577 | D16: BELLO C. CRISTIAN R. | E16: 592917 | G16: 3169.9 | H16: 0 | J16: =G16+H16 -> 3169.9
A17: 42846 | B17: 3084978 | D17: CASTILLO JOSE | E17: 593050 | G17: 6493.78 | H17: 0 | J17: =G17+H17 -> 6493.78
A18: 42828 | B18: 11787653 | D18: CASTILLO M. EDGAR | E18: 592898 | G18: 2826.61 | H18: 0 | J18: =G18+H18 -> 2826.61
A19: 42842 | B19: 11787653 | D19: CASTILLO M. EDGAR | E19: 593001 | G19: 2909.23 | H19: 349.1 | J19: =G19+H19 -> 3258.33
A20: 42845 | B20: 11787653 | D20: CASTILLO M. EDGAR | E20: 593034 | G20: 3064.29 | H20: 0 | J20: =G20+H20 -> 3064.29
A21: 42831 | B21: 7446644 | D21: CHIRINOS CARLOS GREGORIO | E21: 592969 | G21: 1179.86 | H21: 34.06 | J21: =G21+H21 -> 1213.92
A22: 42843 | B22: 9609337 | D22: CORRALES CLARISA | E22: 593016 | G22: 5892.96 | H22: 608.37 | J22: =G22+H22 -> 6501.33
A23: 42843 | B23: 9609337 | D23: CORRALES CLARISA | E23: 593017 | G23: 8170 | H23: 900 | J23: =G23+H23 -> 9070
... A74: 42852 | B74: 17727473 | D74: SUAREZ PEROZO DIXON | E74: 593121 | G74: 6911.8 | H74: 0 | J74: =G74+H74 -> 6911.8
A75: 42829 | B75: 11633896 | D75: TORO AQUILES | E75: 592928 | G75: 2621.83 | H75: 0 | I75: 0 | J75: =G75+H75 -> 2621.83
A76: 42846 | B76: 5261139 | D76: TORRES VIVAS JUVENAL | E76: 593051 | G76: 4130.36 | H76: 262.5 | J76: =G76+H76 -> 4392.86
A77: 42846 | B77: 5261139 | D77: TORRES VIVAS JUVENAL | E77: 593052 | G77: 6075.62 | H77: 0 | J77: =G77+H77 -> 6075.62
A78: 42842 | B78: 15668851 | D78: URETA JORGE V. | E78: 592997 | G78: 4267.52 | H78: 289.28 | J78: =G78+H78 -> 4556.8
A79: 42831 | B79: 15729536 | D79: VALECILLOS GIAN CARLOS | E79: 592971 | G79: 1931.89 | H79: 86.79 | J79: =G79+H79 -> 2018.68
A80: 42851 | B80: 15729536 | D80: VALECILLOS GIAN CARLOS | E80: 593100 | G80: 3369.6 | H80: 0 | J80: =G80+H80 -> 3369.6
A81: 42851 | B81: 15729536 | D81: VALECILLOS GIAN CARLOS | E81: 593101 | G81: 1580 | H81: 0 | I81: 0 | J81: =G81+H81 -> 1580
A82: 42846 | B82: 11790818 | D82: VASQUEZ FRANKLIN | E82: 593058 | G82: 3310.78 | H82: 0 | I82: 0 | J82: =G82+H82 -> 3310.78
A83: 42853 | B83: 4383023 | D83: VELASQUEZ EMILIO | E83: 593141 | G83: 8594.09 | H83: 163.93 | J83: =G83+H83 -> 8758.02
A84: 42853 | B84: 4383023 | D84: VELASQUEZ EMILIO | E84: 593142 | G84: 3735.64 | H84: 367.5 | I84: 0 | J84: =G84+H84 -> 4103.14
A85: 42843 | B85: 7449457 | D85: VISCAYA PEDRO | E85: 593003 | G85: 2187.5 | H85: 262.5 | I85: 0 | J85: =G85+H85 -> 2450
A86: 42843 | B86: 11749469 | D86: ZAPATA MILDRED | E86: 593006 | G86: 6915.11 | H86: 0 | I86: 0 | J86: =G86+H86 -> 6915.11
D87: TOTALES: | G87: =SUM(G42:G86) -> 163850.85 | H87: =SUM(H42:H86) -> 2506.66 | J87: =SUM(J12:J86) -> 304892.84
D90: TOTAL A PAGAR | G90: =J87 -> 304892.84
B93: Elaborado Por: | E93: Recibido: (Firma y Sello)
B96: Ana Vasquez | E96: CAPPO UCLA

Sheet Hoja1
A1: =CONCATENATE("V",CAPPO!B12) -> V11269196 | B1: =+CAPPO!D12 -> ANZOLA BLADIMIR | C1: =+CAPPO!J12 -> 2450 | D1: 0 | E1: =+C1 -> 2450
A2: =CONCATENATE("V",CAPPO!B13) -> V17104709 | B2: =+CAPPO!D13 -> BARRIOS B. PATRICIA | C2: =+CAPPO!J13 -> 2761.2 | D2: 0 | E2: =+C2 -> 2761.2
A3: =CONCATENATE("V",CAPPO!B14) -> V17104709 | B3: =+CAPPO!D14 -> BARRIOS B. PATRICIA | C3: =+CAPPO!J14 -> 4452 | D3: 0 | E3: =+C3 -> 4452
A4: =CONCATENATE("V",CAPPO!B15) -> V17104709 | B4: =+CAPPO!D15 -> BARRIOS B. PATRICIA | C4: =+CAPPO!J15 -> 5496 | D4: 0 | E4: =+C4 -> 5496
A5: =CONCATENATE("V",CAPPO!B16) -> V20046577 | B5: =+CAPPO!D16 -> BELLO C. CRISTIAN R. | C5: =+CAPPO!J16 -> 3169.9 | D5: 0 | E5: =+C5 -> 3169.9
A6: =CONCATENATE("V",CAPPO!B17) -> V3084978 | B6: =+CAPPO!D17 -> CASTILLO JOSE | C6: =+CAPPO!J17 -> 6493.78 | D6: 0 | E6: =+C6 -> 6493.78
A7: =CONCATENATE("V",CAPPO!B18) -> V11787653 | B7: =+CAPPO!D18 -> CASTILLO M. EDGAR | C7: =+CAPPO!J18 -> 2826.61 | D7: 0 | E7: =+C7 -> 2826.61
A8: =CONCATENATE("V",CAPPO!B19) -> V11787653 | B8: =+CAPPO!D19 -> CASTILLO M. EDGAR | C8: =+CAPPO!J19 -> 3258.33 | D8: 0 | E8: =+C8 -> 3258.33
A9: =CONCATENATE("V",CAPPO!B20) -> V11787653 | B9: =+CAPPO!D20 -> CASTILLO M. EDGAR | C9: =+CAPPO!J20 -> 3064.29 | D9: 0 | E9: =+C9 -> 3064.29
A10: =CONCATENATE("V",CAPPO!B21) -> V7446644 | B10: =+CAPPO!D21 -> CHIRINOS CARLOS GREGORIO | C10: =+CAPPO!J21 -> 1213.92 | D10: 0 | E10: =+C10 -> 1213.92
A11: =CONCATENATE("V",CAPPO!B22) -> V9609337 | B11: =+CAPPO!D22 -> CORRALES CLARISA | C11: =+CAPPO!J22 -> 6501.33 | D11: 0 | E11: =+C11 -> 6501.33
A12: =CONCATENATE("V",CAPPO!B23) -> V9609337 | B12: =+CAPPO!D23 -> CORRALES CLARISA | C12: =+CAPPO!J23 -> 9070 | D12: 0 | E12: =+C12 -> 9070
... A75: =CONCATENATE("V",CAPPO!B86) -> V11749469 | B75: =+CAPPO!D86 -> ZAPATA MILDRED | C75: =+CAPPO!J86 -> 6915.11 | D75: 0 | E75: =+C75 -> 6915.11
