Workbook

Sheet Hoja1
A3: FARMACIA UNIVERSIDAD
A4: C A P P O - U C L A
A5: Carrera 21 entre Calles 12 y 13 Nro 12-13 telef. 0251-2524973/2527081
A6: Relación de Cobranza
A7: CAPPO - UCLA
A8: Desde 12/11/12 Hasta: 24/11/12
A9: Fecha | B9: Apellido y Nombre | C9: Cédula | D9: Cod. Socio | E9: Factura | F9: Monto | G9: Dcto. Clte. | H9: Total Facturas | J9: Dcto. Cap. | K9: IVA | L9: Neto
A10: 41225 | B10: ALVARADO RAFAEL | C10: 10126656 | D10: 00180 | E10: 519914 | F10: 480.35 | G10: 96.07 | H10: 384.28 | J10: =H10*5% -> 19.214 | K10: 0 | L10: 365.066
A11: 41225 | B11: AMARO ANA | C11: 7374616 | D11: 00112 | E11: 519854 | F11: 592 | G11: 118.4 | H11: 473.6 | I11: 638.4 | J11: 23.68 | K11: 0 | L11: 449.92
A12: 41225 | B12: AMARO ANA | C12: 7374616 | D12: 00112 | E12: 519855 | F12: 206 | G12: 41.2 | H12: 164.8 | J12: 8.24 | K12: 0 | L12: 156.56
A13: 41225 | B13: APOSTOL R. CARLOS | C13: 10849906 | D13: 00151 | E13: 520280 | F13: 466.43 | G13: 70.49 | H13: 395.94 | J13: 19.797 | K13: 0 | L13: 376.143
A14: 41225 | B14: ARRIECHE IVONNE | C14: 9553047 | D14: 00164 | E14: 520080 | F14: 332.3 | G14: 63.17 | H14: 276.91 | I14: 1170.91 | J14: 13.8455 | K14: 7.78 | L14: 263.0645
A15: 41225 | B15: ARRIECHE IVONNE | C15: 9553047 | D15: 00164 | E15: 520081 | F15: 159 | G15: 31.8 | H15: 127.2 | J15: 6.36 | K15: 0 | L15: 120.84
A16: 41225 | B16: ARRIECHE IVONNE | C16: 9553047 | D16: 00164 | E16: 520354 | F16: 412.18 | G16: 78.4 | H16: 333.78 | J16: 16.689 | K16: 0 | L16: 317.091
A17: 41225 | B17: ARRIECHE IVONNE | C17: 9553047 | D17: 00164 | E17: 520355 | F17: 536.02 | G17: 103 | H17: 433.02 | J17: 21.651 | K17: 0 | L17: 411.369
A18: 41225 | B18: BELLO LAYA JULIO | C18: 7344290 | D18: 00222 | E18: 520402 | F18: 148.24 | G18: 22.4 | H18: 130.19 | J18: 6.5095 | K18: 4.35 | L18: 123.6805
A19: 41225 | B19: BULLONES PASTOR | C19: 3878006 | D19: 00219 | E19: 520139 | F19: 314.97 | G19: 42.99 | H19: 271.98 | I19: 480.01 | J19: 13.599 | K19: 0 | L19: 258.381
A20: 41225 | B20: BULLONES PASTOR | C20: 3878006 | D20: 00219 | E20: 520262 | F20: 199.33 | G20: 0 | H20: 208.03 | J20: 0 | K20: 8.7 | L20: 208.03
A21: 41225 | B21: CARMONA HORACIO | C21: 9620720 | D21: 00158 | E21: 519922 | F21: 671.71 | G21: 134.35 | H21: 537.36 | J21: 26.868 | K21: 0 | L21: 510.492
A22: 41225 | B22: CASTELLANOS VICENTE | C22: 12314254 | D22: 00304 | E22: 519930 | F22: 496 | G22: 99.2 | H22: 396.8 | J22: 19.84 | K22: 0 | L22: 376.96
A23: 41225 | B23: CASTILLO JOSE | C23: 10846532 | D23: 00361 | E23: 519846 | F23: 1490 | G23: 298 | H23: 1192 | J23: 59.6 | K23: 0 | L23: 1132.4
A24: 41225 | B24: COLMENAREZ JOSE | C24: 4375498 | D24: 00341 | E24: 519963 | F24: 228 | G24: 45.6 | H24: 182.4 | J24: 9.12 | K24: 0 | L24: 173.28
A25: 41225 | B25: COLMENAREZ CARLOS | C25: 7316059 | D25: 00364 | E25: 520344 | F25: 123.27 | G25: 22.88 | H25: 100.39 | J25: 5.0195 | K25: 0 | L25: 95.3705
A26: 41225 | B26: CORRALES CLARISA | C26: 9609337 | D26: 00343 | E26: 519939 | F26: 861 | G26: 172.2 | H26: 688.8 | J26: 34.44 | K26: 0 | L26: 654.36
A27: 41225 | B27: DAVILA CHACON INGRID | C27: 9211039 | D27: 00522 | E27: 520049 | F27: 150 | G27: 30 | H27: 120 | J27: 6 | K27: 0 | L27: 114
A28: 41226 | B28: DUARTE GENRY | C28: 10846474 | D28: 00519 | E28: 519874 | F28: 379.66 | G28: 72.04 | H28: 307.62 | I28: 353.76 | J28: 15.381 | K28: 0 | L28: 292.239
A29: 41226 | B29: DUARTE GENRY | C29: 10846474 | D29: 00519 | E29: 519875 | F29: 56.14 | G29: 10 | H29: 46.14 | J29: 2.307 | K29: 0 | L29: 43.833
A30: 41226 | B30: DURAN ADRIAN | C30: 4727740 | D30: 00500 | E30: 520002 | F30: 66.5 | G30: 13.3 | H30: 53.2 | J30: 2.66 | K30: 0 | L30: 50.54
A31: 41226 | B31: ESCALONA DIONICIO | C31: 9620701 | D31: 00624 | E31: 519829 | F31: 648 | G31: 129.6 | H31: 518.4 | I31: 670.15 | J31: 25.92 | K31: 0 | L31: 492.48
A32: 41226 | B32: ESCALONA DIONICIO | C32: 9620701 | D32: 00624 | E32: 519830 | F32: 174.35 | G32: 22.6 | H32: 151.75 | J32: 7.5875 | K32: 0 | L32: 144.1625
A33: 41227 | B33: GARCIA RUBEN | C33: 13527636 | D33: 00727 | E33: 520159 | F33: 592 | G33: 118.4 | H33: 473.6 | I33: 523.6 | J33: 23.68 | K33: 0 | L33: 449.92
A34: 41227 | B34: GARCIA RUBEN | C34: 13527636 | D34: 00727 | E34: 520160 | F34: 50 | G34: 0 | H34: 50 | J34: 0 | K34: 0 | L34: 50
A35: 41227 | B35: GOMEZ MEDINA JUAN | C35: 12704927 | D35: 00918 | E35: 520236 | F35: 50 | G35: 0 | H35: 50 | J35: 0 | K35: 0 | L35: 50
A36: 41227 | B36: GOMEZ MIRNA | C36: 9552709 | D36: 00820 | E36: 519872 | F36: 647.13 | G36: 114 | H36: 533.13 | J36: 26.6565 | K36: 0 | L36: 506.4735
A37: 41227 | B37: GONZALEZ GERARDO | C37: 7447067 | D37: 00936 | E37: 520045 | F37: 358.19 | G37: 69.71 | H37: 288.48 | I37: 1256.97 | J37: 14.424 | K37: 0 | L37: 274.056
A38: 41227 | B38: GONZALEZ GERARDO | C38: 7447067 | D38: 00936 | E38: 520046 | F38: 380.29 | G38: 75 | H38: 305.29 | J38: 15.2645 | K38: 0 | L38: 290.0255
A39: 41227 | B39: GONZALEZ GERARDO | C39: 7447067 | D39: 00936 | E39: 520173 | F39: 829 | G39: 165.8 | H39: 663.2 | J39: 33.16 | K39: 0 | L39: 630.04
A40: 41227 | B40: GRATEROL YAILILI | C40: 9615964 | D40: 00887 | E40: 520303 | F40: 475.71 | G40: 90 | H40: 385.71 | I40: 425.93 | J40: 19.2855 | K40: 0 | L40: 366.4245
A41: 41228 | B41: GRATEROL YAILILI | C41: 9615964 | D41: 00887 | E41: 520304 | F41: 50.28 | G41: 10.06 | H41: 40.22 | J41: 2.011 | K41: 0 | L41: 38.209
A42: 41228 | B42: GUASIMUCARO HENRY | C42: 7426046 | D42: 00889 | E42: 520154 | F42: 1116.09 | G42: 223.22 | H42: 892.87 | I42: 968.87 | J42: 44.6435 | K42: 0 | L42: 848.2265
A43: 41228 | B43: GUASIMUCARO HENRY | C43: 7426046 | D43: 00889 | E43: 520311 | F43: 95 | G43: 19 | H43: 76 | J43: 3.8 | K43: 0 | L43: 72.2
A44: 41228 | B44: GUERRA JOSE | C44: 7309375 | D44: 00869 | E44: 519900 | F44: 348 | G44: 69.6 | H44: 278.4 | I44: 542.4 | J44: 13.92 | K44: 0 | L44: 264.48
A45: 41228 | B45: GUERRA JOSE | C45: 7309375 | D45: 00869 | E45: 520316 | F45: 330 | G45: 66 | H45: 264 | J45: 13.2 | K45: 0 | L45: 250.8
A46: 41228 | B46: HUGGINS ALVES | C46: 4739796 | D46: 00911 | E46: 520165 | F46: 338.87 | G46: 39.8 | H46: 315.85 | J46: 15.7925 | K46: 16.78 | L46: 300.0575
A47: 41228 | B47: JIMENEZ EDGAR SOLANO | C47: 4731494 | D47: 01104 | E47: 519864 | F47: 79.23 | G47: 15.26 | H47: 63.97 | I47: 91.29 | J47: 3.1985 | K47: 0 | L47: 60.7715
A48: 41228 | B48: JIMENEZ EDGAR SOLANO | C48: 4731494 | D48: 01104 | E48: 520395 | F48: 26 | G48: 0 | H48: 27.32 | J48: 0 | K48: 1.32 | L48: 27.32
A49: 41228 | B49: LARA PEREZ VIANNYS | C49: 13868786 | D49: 01351 | E49: 520432 | F49: 490 | G49: 98 | H49: 392 | J49: 19.6 | K49: 0 | L49: 372.4
A50: 41229 | B50: LOPEZ ANA | C50: 7401853 | D50: 01337 | E50: 520291 | F50: 614.48 | G50: 108.4 | H50: 514.78 | I50: 583.58 | J50: 25.739 | K50: 8.7 | L50: 489.041
A51: 41229 | B51: LOPEZ ANA | C51: 7401853 | D51: 01337 | E51: 520292 | F51: 86 | G51: 17.2 | H51: 68.8 | J51: 3.44 | K51: 0 | L51: 65.36
A52: 41229 | B52: LUCENA JOSE | C52: 5765952 | D52: 01333 | E52: 520272 | F52: 321 | G52: 64.2 | H52: 256.8 | J52: 12.84 | K52: 0 | L52: 243.96
A53: 41229 | B53: MARIN C. ANTONIO | C53: 11883300 | D53: 01513 | E53: 520312 | F53: 765 | G53: 153 | H53: 612 | J53: 30.6 | K53: 0 | L53: 581.4
A54: 41229 | B54: MARQUEZ LEAL MARCOS | C54: 15598933 | D54: 01523 | E54: 520083 | F54: 406.33 | G54: 71 | H54: 335.33 | J54: 16.7665 | K54: 0 | L54: 318.5635
A55: 41230 | B55: MUJICA ARGENIS | C55: 5925143 | D55: 01489 | E55: 520220 | F55: 112 | G55: 22.4 | H55: 89.6 | J55: 4.48 | K55: 0 | L55: 85.12
A56: 41230 | B56: ORELLANA B. WILLIAM | C56: 7419340 | D56: 01617 | E56: 520128 | F56: 247.38 | G56: 43.2 | H56: 204.18 | I56: 440.18 | J56: 10.209 | K56: 0 | L56: 193.971
A57: 41230 | B57: ORELLANA B. WILLIAM | C57: 7419340 | D57: 01617 | E57: 520239 | F57: 295 | G57: 59 | H57: 236 | J57: 11.8 | K57: 0 | L57: 224.2
A58: 41232 | B58: ORELLANA FRANCELIZA | C58: 7388038 | D58: 01985 | E58: 520202 | F58: 210 | G58: 42 | H58: 168 | J58: 8.4 | K58: 0 | L58: 159.6
A59: 41232 | B59: OSTA MARIA | C59: 3314884 | D59: 01600 | E59: 519838 | F59: 544.02 | G59: 108.8 | H59: 435.22 | J59: 21.761 | K59: 0 | L59: 413.459
A60: 41232 | B60: PE#A CHIRINOS JULIO | C60: 12704649 | D60: 01821 | E60: 520161 | F60: 161.6 | G60: 31.2 | H60: 130.4 | I60: 256.8 | J60: 6.52 | K60: 0 | L60: 123.88
A61: 41232 | B61: PEÑA CHIRINOS JULIO | C61: 12704649 | D61: 01821 | E61: 520326 | F61: 158 | G61: 31.6 | H61: 126.4 | J61: 6.32 | K61: 0 | L61: 120.08
A62: 41232 | B62: PEREZ JOSE | C62: 13187744 | D62: 01783 | E62: 520005 | F62: 140 | G62: 28 | H62: 112 | J62: 5.6 | K62: 0 | L62: 106.4
A63: 41232 | B63: PEREZ FREDIS | C63: 6575243 | D63: 01753 | E63: 519976 | F63: 358.28 | G63: 71.66 | H63: 286.62 | I63: 435.42 | J63: 14.331 | K63: 0 | L63: 272.289
A64: 41232 | B64: PEREZ FREDIS | C64: 6575243 | D64: 01753 | E64: 520227 | F64: 186 | G64: 37.2 | H64: 148.8 | J64: 7.44 | K64: 0 | L64: 141.36
A65: 41232 | B65: PIÑA DAISY | C65: 12698965 | D65: 01777 | E65: 520411 | F65: 227.12 | G65: 45.43 | H65: 181.69 | I65: 355.32 | J65: 9.0845 | K65: 0 | L65: 172.6055
A66: 41232 | B66: PIÑA DAISY | C66: 12698965 | D66: 01777 | E66: 520412 | F66: 215.6 | G66: 42.4 | H66: 173.63 | J66: 8.6815 | K66: 0.43 | L66: 164.9485
A67: 41232 | B67: QUINTERO CARLOS | C67: 2541709 | D67: 01803 | E67: 519965 | F67: 259.58 | G67: 49.8 | H67: 209.78 | I67: 407.61 | J67: 10.489 | K67: 0 | L67: 199.291
A68: 41233 | B68: QUINTERO CARLOS | C68: 2541709 | D68: 01803 | E68: 519966 | F68: 244.79 | G68: 46.96 | H68: 197.83 | J68: 9.8915 | K68: 0 | L68: 187.9385
A69: 41233 | B69: QUINTERO ROY | C69: 7429274 | D69: 01807 | E69: 520117 | F69: 386.37 | G69: 76.2 | H69: 310.81 | J69: 15.5405 | K69: 0.64 | L69: 295.2695
A70: 41233 | B70: RAMIREZ LAGUNA JEAN | C70: 17965237 | D70: 01626 | E70: 520373 | F70: 260 | G70: 37 | H70: 232 | J70: 11.6 | K70: 9 | L70: 220.4
A71: 41233 | B71: REA ALEXIS | C71: 10770124 | D71: 01925 | E71: 519837 | F71: 395 | G71: 79 | H71: 316 | J71: 15.8 | K71: 0 | L71: 300.2
A72: 41233 | B72: RIVERO FREDDY | C72: 3710064 | D72: 01951 | E72: 520162 | F72: 349 | G72: 69.8 | H72: 279.2 | J72: 13.96 | K72: 0 | L72: 265.24
A73: 41233 | B73: RODRIGUEZ C EVELIO | C73: 7436077 | D73: 01954 | E73: 519865 | F73: 28 | G73: 0 | H73: 28 | J73: 0 | K73: 0 | L73: 28
A74: 41234 | B74: RODRIGUEZ LIGIA | C74: 7425063 | D74: 01987 | E74: 520019 | F74: 572 | G74: 114.4 | H74: 457.6 | J74: 22.88 | K74: 0 | L74: 434.72
A75: 41234 | B75: SALAS FELIX | C75: 7373089 | D75: 02042 | E75: 520221 | F75: 1017.09 | G75: 203.42 | H75: 813.67 | J75: 40.6835 | K75: 0 | L75: 772.9865
A76: 41234 | B76: SANCHEZ SEGOBIA ERIK | C76: 14513487 | D76: 02097 | E76: 520022 | F76: 316.81 | G76: 55.29 | H76: 261.52 | I76: 304.02 | J76: 13.076 | K76: 0 | L76: 248.444
A77: 41234 | B77: SANCHEZ SEGOBIA ERIK | C77: 14513487 | D77: 02097 | E77: 520023 | F77: 37.95 | G77: 0 | H77: 42.5 | J77: 0 | K77: 4.55 | L77: 42.5
A78: 41234 | B78: SANDOVAL DOMITILO | C78: 8054279 | D78: 02049 | E78: 520014 | F78: 395 | G78: 79 | H78: 316 | J78: 15.8 | K78: 0 | L78: 300.2
A79: 41234 | B79: SOTO EDUARDO | C79: 5255641 | D79: 02047 | E79: 520087 | F79: 301 | G79: 60.2 | H79: 240.8 | J79: 12.04 | K79: 0 | L79: 228.76
A80: 41234 | B80: SUAREZ NAURO | C80: 7322780 | D80: 02057 | E80: 519921 | F80: 248 | G80: 46 | H80: 202 | J80: 10.1 | K80: 0 | L80: 191.9
A81: 41234 | B81: SUAREZ JOSE | C81: 7331943 | D81: 02030 | E81: 519957 | F81: 334.48 | G81: 51.9 | H81: 291.58 | J81: 14.579 | K81: 0 | L81: 277.001
A82: 41234 | B82: TORO AQUILES | C82: 11633896 | D82: 02136 | E82: 520131 | F82: 267.8 | G82: 44.8 | H82: 223 | I82: 599.36 | J82: 11.15 | K82: 0 | L82: 211.85
A83: 41234 | B83: TORO AQUILES | C83: 11633896 | D83: 02136 | E83: 520314 | F83: 462.61 | G83: 88.6 | H83: 376.36 | J83: 18.818 | K83: 2.35 | L83: 357.542
A84: 41234 | B84: TORRES PURA | C84: 7983170 | D84: 02128 | E84: 520447 | F84: 390.25 | G84: 75.59 | H84: 314.66 | J84: 15.733 | K84: 0 | L84: 298.927
A85: 41234 | B85: UZCATEGUI EMILIA | C85: 7347856 | D85: 02205 | E85: 519850 | F85: 948.75 | G85: 189.75 | H85: 759 | I85: 2327.77 | J85: 37.95 | K85: 0 | L85: 721.05
A86: 41235 | B86: UZCATEGUI EMILIA | C86: 7347856 | D86: 02205 | E86: 519851 | F86: 1651.46 | G86: 330.29 | H86: 1321.17 | J86: 66.0585 | K86: 0 | L86: 1255.1115
A87: 41235 | B87: UZCATEGUI EMILIA | C87: 7347856 | D87: 02205 | E87: 519852 | F87: 308 | G87: 60.4 | H87: 247.6 | J87: 12.38 | K87: 0 | L87: 235.22
A88: 41235 | B88: VARGAS CARMEN | C88: 7312149 | D88: 02306 | E88: 519871 | F88: 682.5 | G88: 136.5 | H88: 546 | J88: 27.3 | K88: 0 | L88: 518.7
A89: 41235 | B89: VASQUEZ JHONNYS | C89: 13510180 | D89: 02345 | E89: 519994 | F89: 645 | G89: 129 | H89: 516 | I89: 728.15 | J89: 25.8 | K89: 0 | L89: 490.2
A90: 41236 | B90: VASQUEZ JHONNYS | C90: 13510180 | D90: 02345 | E90: 519995 | F90: 265.19 | G90: 53.04 | H90: 212.15 | J90: 10.6075 | K90: 0 | L90: 201.5425
A91: 41236 | B91: VASQUEZ U. EDIXON | C91: 16137706 | D91: 02348 | E91: 520184 | F91: 178 | G91: 31.6 | H91: 146.4 | J91: 7.32 | K91: 0 | L91: 139.08
A92: 41236 | B92: VIRGUEZ U PAUCIDES A | C92: 15668151 | D92: 02354 | E92: 519849 | F92: 1256 | G92: 251.2 | H92: 1004.8 | I92: 1273.98 | J92: 50.24 | K92: 0 | L92: 954.56
A93: 41236 | B93: VIRGUEZ U PAUCIDES A | C93: 15668151 | D93: 02354 | E93: 520163 | F93: 336.48 | G93: 67.3 | H93: 269.18 | J93: 13.459 | K93: 0 | L93: 255.721
A94: 41237 | B94: VISCAYA PEDRO | C94: 7449457 | D94: 02341 | E94: 519842 | F94: 96.32 | G94: 19.27 | H94: 77.05 | J94: 3.8525 | K94: 0 | L94: 73.1975
A95: 41237 | B95: YUSTIZ JOSE | C95: 5436619 | D95: 02506 | E95: 520063 | F95: 1980 | G95: 396 | H95: 1584 | J95: 79.2 | K95: 0 | L95: 1504.8
F96: 35108.48 | G96: 6710.54 | H96: 28471.54 | J96: 1403.2845 | K96: 64.6 | L96: 27068.256
B101: Elaborado Por: | E101: Recibido: (Firma y Sello)
B104: Yuris Reyes | E104: CAPPO-UCLA

Sheet Hoja2
A1: V | B1: =+Hoja1!C10 -> 10126656 | C1: =+Hoja1!B10 -> ALVARADO RAFAEL | D1: =+Hoja1!H10 -> 384.28 | E1: =+Hoja1!J10 -> 19.214 | F1: =+Hoja1!L10 -> 365.066
A2: V | B2: =+Hoja1!C11 -> 7374616 | C2: =+Hoja1!B11 -> AMARO ANA | D2: =+Hoja1!H11 -> 473.6 | E2: =+Hoja1!J11 -> 23.68 | F2: =+Hoja1!L11 -> 449.92
A3: V | B3: =+Hoja1!C12 -> 7374616 | C3: =+Hoja1!B12 -> AMARO ANA | D3: =+Hoja1!H12 -> 164.8 | E3: =+Hoja1!J12 -> 8.24 | F3: =+Hoja1!L12 -> 156.56
A4: V | B4: =+Hoja1!C13 -> 10849906 | C4: =+Hoja1!B13 -> APOSTOL R. CARLOS | D4: =+Hoja1!H13 -> 395.94 | E4: =+Hoja1!J13 -> 19.797 | F4: =+Hoja1!L13 -> 376.143
A5: V | B5: =+Hoja1!C14 -> 9553047 | C5: =+Hoja1!B14 -> ARRIECHE IVONNE | D5: =+Hoja1!H14 -> 276.91 | E5: =+Hoja1!J14 -> 13.8455 | F5: =+Hoja1!L14 -> 263.0645
A6: V | B6: =+Hoja1!C15 -> 9553047 | C6: =+Hoja1!B15 -> ARRIECHE IVONNE | D6: =+Hoja1!H15 -> 127.2 | E6: =+Hoja1!J15 -> 6.36 | F6: =+Hoja1!L15 -> 120.84
A7: V | B7: =+Hoja1!C16 -> 9553047 | C7: =+Hoja1!B16 -> ARRIECHE IVONNE | D7: =+Hoja1!H16 -> 333.78 | E7: =+Hoja1!J16 -> 16.689 | F7: =+Hoja1!L16 -> 317.091
A8: V | B8: =+Hoja1!C17 -> 9553047 | C8: =+Hoja1!B17 -> ARRIECHE IVONNE | D8: =+Hoja1!H17 -> 433.02 | E8: =+Hoja1!J17 -> 21.651 | F8: =+Hoja1!L17 -> 411.369
A9: V | B9: =+Hoja1!C18 -> 7344290 | C9: =+Hoja1!B18 -> BELLO LAYA JULIO | D9: =+Hoja1!H18 -> 130.19 | E9: =+Hoja1!J18 -> 6.5095 | F9: =+Hoja1!L18 -> 123.6805
A10: V | B10: =+Hoja1!C19 -> 3878006 | C10: =+Hoja1!B19 -> BULLONES PASTOR | D10: =+Hoja1!H19 -> 271.98 | E10: =+Hoja1!J19 -> 13.599 | F10: =+Hoja1!L19 -> 258.381
A11: V | B11: =+Hoja1!C20 -> 3878006 | C11: =+Hoja1!B20 -> BULLONES PASTOR | D11: =+Hoja1!H20 -> 208.03 | E11: =+Hoja1!J20 -> 0 | F11: =+Hoja1!L20 -> 208.03
A12: V | B12: =+Hoja1!C21 -> 9620720 | C12: =+Hoja1!B21 -> CARMONA HORACIO | D12: =+Hoja1!H21 -> 537.36 | E12: =+Hoja1!J21 -> 26.868 | F12: =+Hoja1!L21 -> 510.492
... A86: V | B86: =+Hoja1!C95 -> 5436619 | C86: =+Hoja1!B95 -> YUSTIZ JOSE | D86: =+Hoja1!H95 -> 1584 | E86: =+Hoja1!J95 -> 79.2 | F86: =+Hoja1!L95 -> 1504.8

Sheet Hoja3
A1: =CONCATENATE(Hoja2!A1,Hoja2!B1) -> V10126656 | B1: =+Hoja2!C1 -> ALVARADO RAFAEL | C1: =+Hoja2!D1 -> 384.28 | D1: =+Hoja2!E1 -> 19.214 | E1: =+Hoja2!F1 -> 365.066
A2: =CONCATENATE(Hoja2!A2,Hoja2!B2) -> V7374616 | B2: =+Hoja2!C2 -> AMARO ANA | C2: =+Hoja2!D2 -> 473.6 | D2: =+Hoja2!E2 -> 23.68 | E2: =+Hoja2!F2 -> 449.92
A3: =CONCATENATE(Hoja2!A3,Hoja2!B3) -> V7374616 | B3: =+Hoja2!C3 -> AMARO ANA | C3: =+Hoja2!D3 -> 164.8 | D3: =+Hoja2!E3 -> 8.24 | E3: =+Hoja2!F3 -> 156.56
A4: =CONCATENATE(Hoja2!A4,Hoja2!B4) -> V10849906 | B4: =+Hoja2!C4 -> APOSTOL R. CARLOS | C4: =+Hoja2!D4 -> 395.94 | D4: =+Hoja2!E4 -> 19.797 | E4: =+Hoja2!F4 -> 376.143
A5: =CONCATENATE(Hoja2!A5,Hoja2!B5) -> V9553047 | B5: =+Hoja2!C5 -> ARRIECHE IVONNE | C5: =+Hoja2!D5 -> 276.91 | D5: =+Hoja2!E5 -> 13.8455 | E5: =+Hoja2!F5 -> 263.0645
A6: =CONCATENATE(Hoja2!A6,Hoja2!B6) -> V9553047 | B6: =+Hoja2!C6 -> ARRIECHE IVONNE | C6: =+Hoja2!D6 -> 127.2 | D6: =+Hoja2!E6 -> 6.36 | E6: =+Hoja2!F6 -> 120.84
A7: =CONCATENATE(Hoja2!A7,Hoja2!B7) -> V9553047 | B7: =+Hoja2!C7 -> ARRIECHE IVONNE | C7: =+Hoja2!D7 -> 333.78 | D7: =+Hoja2!E7 -> 16.689 | E7: =+Hoja2!F7 -> 317.091
A8: =CONCATENATE(Hoja2!A8,Hoja2!B8) -> V9553047 | B8: =+Hoja2!C8 -> ARRIECHE IVONNE | C8: =+Hoja2!D8 -> 433.02 | D8: =+Hoja2!E8 -> 21.651 | E8: =+Hoja2!F8 -> 411.369
A9: =CONCATENATE(Hoja2!A9,Hoja2!B9) -> V7344290 | B9: =+Hoja2!C9 -> BELLO LAYA JULIO | C9: =+Hoja2!D9 -> 130.19 | D9: =+Hoja2!E9 -> 6.5095 | E9: =+Hoja2!F9 -> 123.6805
A10: =CONCATENATE(Hoja2!A10,Hoja2!B10) -> V3878006 | B10: =+Hoja2!C10 -> BULLONES PASTOR | C10: =+Hoja2!D10 -> 271.98 | D10: =+Hoja2!E10 -> 13.599 | E10: =+Hoja2!F10 -> 258.381
A11: =CONCATENATE(Hoja2!A11,Hoja2!B11) -> V3878006 | B11: =+Hoja2!C11 -> BULLONES PASTOR | C11: =+Hoja2!D11 -> 208.03 | D11: =+Hoja2!E11 -> 0 | E11: =+Hoja2!F11 -> 208.03
A12: =CONCATENATE(Hoja2!A12,Hoja2!B12) -> V9620720 | B12: =+Hoja2!C12 -> CARMONA HORACIO | C12: =+Hoja2!D12 -> 537.36 | D12: =+Hoja2!E12 -> 26.868 | E12: =+Hoja2!F12 -> 510.492
... A86: =CONCATENATE(Hoja2!A86,Hoja2!B86) -> V5436619 | B86: =+Hoja2!C86 -> YUSTIZ JOSE | C86: =+Hoja2!D86 -> 1584 | D86: =+Hoja2!E86 -> 79.2 | E86: =+Hoja2!F86 -> 1504.8
